{"cameraMode":{"drawMode":0,"name":"Shaded","section":"Shading Mode"},"sceneLighting":true,"audioPlay":false,"sceneViewState":{"m_AlwaysRefresh":false,"showFog":true,"showSkybox":true,"showFlares":true,"showImageEffects":true,"showParticleSystems":true,"showVisualEffectGraphs":true,"m_FxEnabled":true},"in2DMode":false,"pivot":{"x":-0.6706405878067017,"y":101.5136489868164,"z":43.23823928833008},"rotation":{"x":0.20878981053829194,"y":0.10189386457204819,"z":-0.021853184327483178,"w":0.9724105596542358},"size":5.928730487823486,"orthographic":false}